,precision,recall,f1-score,support
negative,0.5968992248062015,0.7298578199052133,0.6567164179104478,211.0
neutral,0.23195876288659795,0.3543307086614173,0.2803738317757009,127.0
positive,0.9477786438035853,0.870436649964209,0.9074626865671642,1397.0
accuracy,0.8155619596541787,0.8155619596541787,0.8155619596541787,0.8155619596541787
macro avg,0.5922122104987949,0.6515417261769465,0.6148509787511043,1735.0
weighted avg,0.8527096626595476,0.8155619596541787,0.8310662904604882,1735.0
