star_rating,count,pct
1,672,0.07427055702917772
2,401,0.04431918656056587
3,664,0.07338638373121131
4,1594,0.17617152961980548
5,5717,0.6318523430592397
