,accuracy,macro_f1,weighted_f1
logistic_regression,0.8155619596541787,0.6148509787511043,0.8310662904604882
linear_svc,0.8461095100864553,0.593582477946265,0.8391833427409102
